{
  "project_info": {
    "project_number": "149833629156",
    "firebase_url": "https://yellowpages-54e21.firebaseio.com",
    "project_id": "yellowpages-54e21",
    "storage_bucket": "yellowpages-54e21.appspot.com"
  },
  "client": [
    {
      "client_info": {
        "mobilesdk_app_id": "1:149833629156:android:777ea2d05e7af4db",
        "android_client_info": {
          "package_name": "com.shiro.yellowpages"
        }
      },
      "oauth_client": [
        {
          "client_id": "149833629156-iehkhv8sj4t4c7nfi3856bbq5m9le6b6.apps.googleusercontent.com",
          "client_type": 3
        }
      ],
      "api_key": [
        {
          "current_key": "AIzaSyBxp76AqIgJtsKIOGoOgTLTS_pls6PjXzc"
        }
      ],
      "services": {
        "analytics_service": {
          "status": 1
        },
        "appinvite_service": {
          "status": 1,
          "other_platform_oauth_client": []
        },
        "ads_service": {
          "status": 2
        }
      }
    }
  ],
  "configuration_version": "1"
}